Workbook

Sheet Sheet1
A1: OFFICE CHAIR SALES
A2: Q1-Q2-2020
A4: Num | B4: Date | C4: Month | D4: Sales Rep | E4: Region | F4: Customer ID | G4: Column1 | H4: Model | I4: Color | J4: Item Code | K4: Number | L4: Price / Unit | M4: Total | N4: Discount | O4: final proce
A5: 2 | B5: 1/6/2020 | C5: January | D5: Amy Brown | E5: West | F5: 144 | G5: =VLOOKUP(Table1[[#This Row],[Customer ID]], Sheet2!$A$2:$C$10, 2, FALSE) -> Affinity | H5: Urban | I5: red | J5: U2638rd | K5: 22 | L5: $260 | M5: $5,720 | N5: =IF(Table1[[#This Row],[Number]]>=22,"y","N") -> y | O5: =IF(Table1[[#This Row],[Number]]>=20,0.95*Table1[[#This Row],[Total]],Table1[[#This Row],[Total]]) -> 5434
A6: 8 | B6: 1/22/2020 | C6: January | D6: Amy Brown | E6: West | F6: 132 | G6: =VLOOKUP(Table1[[#This Row],[Customer ID]], Sheet2!$A$2:$C$10, 2, FALSE) -> Bankia | H6: Flash | I6: brown | J6: F2248br | K6: 22 | L6: $235 | M6: $5,170 | N6: =IF(Table1[[#This Row],[Number]]>=22,"y","N") -> y | O6: =IF(Table1[[#This Row],[Number]]>=20,0.95*Table1[[#This Row],[Total]],Table1[[#This Row],[Total]]) -> 4911.5
A7: 15 | B7: 2/10/2020 | C7: February | D7: Amy Brown | E7: West | F7: 162 | G7: =VLOOKUP(Table1[[#This Row],[Customer ID]], Sheet2!$A$2:$C$10, 2, FALSE) -> Cruise | H7: Energy | I7: white | J7: E2376wh | K7: 5 | L7: $235 | M7: $1,170 | N7: =IF(Table1[[#This Row],[Number]]>=22,"y","N") -> N | O7: =IF(Table1[[#This Row],[Number]]>=20,0.95*Table1[[#This Row],[Total]],Table1[[#This Row],[Total]]) -> $1,170
A8: 20 | B8: 2/21/2020 | C8: February | D8: Amy Brown | E8: West | F8: 132 | G8: =VLOOKUP(Table1[[#This Row],[Customer ID]], Sheet2!$A$2:$C$10, 2, FALSE) -> Bankia | H8: Volt | I8: black | J8: V2944bl | K8: 15 | L8: $235 | M8: $3,540 | N8: =IF(Table1[[#This Row],[Number]]>=22,"y","N") -> N | O8: =IF(Table1[[#This Row],[Number]]>=20,0.95*Table1[[#This Row],[Total]],Table1[[#This Row],[Total]]) -> $3,540
A9: 27 | B9: 3/7/2020 | C9: March | D9: Amy Brown | E9: West | F9: 162 | G9: =VLOOKUP(Table1[[#This Row],[Customer ID]], Sheet2!$A$2:$C$10, 2, FALSE) -> Cruise | H9: Flash | I9: white | J9: F2248wh | K9: 22 | L9: $235 | M9: $5,170 | N9: =IF(Table1[[#This Row],[Number]]>=22,"y","N") -> y | O9: =IF(Table1[[#This Row],[Number]]>=20,0.95*Table1[[#This Row],[Total]],Table1[[#This Row],[Total]]) -> 4911.5
A10: 2 | B10: 1/6/2020 | C10: January | D10: Amy Brown | E10: West | F10: 144 | G10: =VLOOKUP(Table1[[#This Row],[Customer ID]], Sheet2!$A$2:$C$10, 2, FALSE) -> Affinity | H10: Urban | I10: red | J10: U2638rd | K10: 22 | L10: $260 | M10: $5,720 | N10: =IF(Table1[[#This Row],[Number]]>=22,"y","N") -> y | O10: =IF(Table1[[#This Row],[Number]]>=20,0.95*Table1[[#This Row],[Total]],Table1[[#This Row],[Total]]) -> 5434
A11: 8 | B11: 1/22/2020 | C11: January | D11: Amy Brown | E11: West | F11: 132 | G11: =VLOOKUP(Table1[[#This Row],[Customer ID]], Sheet2!$A$2:$C$10, 2, FALSE) -> Bankia | H11: Flash | I11: brown | J11: F2248br | K11: 22 | L11: $235 | M11: $5,170 | N11: =IF(Table1[[#This Row],[Number]]>=22,"y","N") -> y | O11: =IF(Table1[[#This Row],[Number]]>=20,0.95*Table1[[#This Row],[Total]],Table1[[#This Row],[Total]]) -> 4911.5
A12: 15 | B12: 2/10/2020 | C12: February | D12: Amy Brown | E12: West | F12: 162 | G12: =VLOOKUP(Table1[[#This Row],[Customer ID]], Sheet2!$A$2:$C$10, 2, FALSE) -> Cruise | H12: Energy | I12: white | J12: E2376wh | K12: 5 | L12: $235 | M12: $1,170 | N12: =IF(Table1[[#This Row],[Number]]>=22,"y","N") -> N | O12: =IF(Table1[[#This Row],[Number]]>=20,0.95*Table1[[#This Row],[Total]],Table1[[#This Row],[Total]]) -> $1,170
A13: 20 | B13: 2/21/2020 | C13: February | D13: Amy Brown | E13: West | F13: 132 | G13: =VLOOKUP(Table1[[#This Row],[Customer ID]], Sheet2!$A$2:$C$10, 2, FALSE) -> Bankia | H13: Volt | I13: black | J13: V2944bl | K13: 15 | L13: $235 | M13: $3,540 | N13: =IF(Table1[[#This Row],[Number]]>=22,"y","N") -> N | O13: =IF(Table1[[#This Row],[Number]]>=20,0.95*Table1[[#This Row],[Total]],Table1[[#This Row],[Total]]) -> $3,540
A14: 27 | B14: 3/7/2020 | C14: March | D14: Amy Brown | E14: West | F14: 162 | G14: =VLOOKUP(Table1[[#This Row],[Customer ID]], Sheet2!$A$2:$C$10, 2, FALSE) -> Cruise | H14: Flash | I14: white | J14: F2248wh | K14: 22 | L14: $235 | M14: $5,170 | N14: =IF(Table1[[#This Row],[Number]]>=22,"y","N") -> y | O14: =IF(Table1[[#This Row],[Number]]>=20,0.95*Table1[[#This Row],[Total]],Table1[[#This Row],[Total]]) -> 4911.5
A15: 7 | B15: 1/18/2020 | C15: January | D15: David Garcia | E15: South | F15: 152 | G15: =VLOOKUP(Table1[[#This Row],[Customer ID]], Sheet2!$A$2:$C$10, 2, FALSE) -> Secspace | H15: Cosmo | I15: white | J15: C2699wh | K15: 8 | L15: $375 | M15: $3,000 | N15: =IF(Table1[[#This Row],[Number]]>=22,"y","N") -> N | O15: =IF(Table1[[#This Row],[Number]]>=20,0.95*Table1[[#This Row],[Total]],Table1[[#This Row],[Total]]) -> $3,000
A16: 11 | B16: 1/28/2020 | C16: January | D16: David Garcia | E16: South | F16: 157 | G16: =VLOOKUP(Table1[[#This Row],[Customer ID]], Sheet2!$A$2:$C$10, 2, FALSE) -> MarkPlus | H16: Energy | I16: black | J16: E2376bl | K16: 33 | L16: $350 | M16: $11,550 | N16: =IF(Table1[[#This Row],[Number]]>=22,"y","N") -> y | O16: =IF(Table1[[#This Row],[Number]]>=20,0.95*Table1[[#This Row],[Total]],Table1[[#This Row],[Total]]) -> 10972.5
... A62: 29 | B62: 3/11/2020 | C62: March | D62: Stacy Peters | E62: North | F62: 166 | G62: =VLOOKUP(Table1[[#This Row],[Customer ID]], Sheet2!$A$2:$C$10, 2, FALSE) -> Port Royale | H62: Aero | I62: white | J62: A2258wh | K62: 10 | L62: $220 | M62: $2,200 | N62: =IF(Table1[[#This Row],[Number]]>=22,"y","N") -> N | O62: =IF(Table1[[#This Row],[Number]]>=20,0.95*Table1[[#This Row],[Total]],Table1[[#This Row],[Total]]) -> $2,200

Sheet Sheet2
A1: Customer ID | B1: Company Name | C1: Representative
A2: 132 | B2: Bankia | C2: Lucas Adams
A3: 136 | B3: Telmark | C3: Emily Flores
A4: 144 | B4: Affinity | C4: Christina Bell
A5: 152 | B5: Secspace | C5: Rob Nelson
A6: 157 | B6: MarkPlus | C6: Matt Reed
A7: 162 | B7: Cruise | C7: Denise Harris
A8: 166 | B8: Port Royale | C8: Dan Hill
A9: 178 | B9: Vento | C9: Amanda Wood
A10: 180 | B10: Milago | C10: Sam Cooper

Sheet Sheet5
A3: Sum of Number | B3: Column Labels
A4: Row Labels | B4: Aero | C4: Cosmo | D4: Energy | E4: Flash | F4: Urban | G4: Volt | H4: Grand Total
A5: February | B5: 12 | C5: 72 | D5: 86 | E5: 28 | F5: 104 | G5: 60 | H5: 362
A6: January | C6: 16 | D6: 198 | E6: 134 | F6: 124 | G6: 64 | H6: 536
A7: March | B7: 20 | C7: 36 | E7: 44 | F7: 200 | G7: 50 | H7: 350
A8: Grand Total | B8: 32 | C8: 124 | D8: 284 | E8: 206 | F8: 428 | G8: 174 | H8: 1248
